{"name":"0c27c12b-7207-41d6-b036-ee49928d955f","id":"/providers/Microsoft.Flow/flows/0c27c12b-7207-41d6-b036-ee49928d955f","type":"Microsoft.Flow/flows","properties":{"apiId":"/providers/Microsoft.PowerApps/apis/shared_logicflows","displayName":"Enhanced Refresh-Flow for Power BI Dataset","definition":{"metadata":{"workflowEntityId":null,"processAdvisorMetadata":null,"flowclientsuspensionreason":"BillingConsumption","flowclientsuspensiontime":"2022-09-04T12:46:01.4880395Z","flowclientsuspensionreasondetails":null,"creator":{"id":"84116b93-da1e-4a03-a418-c5ca6a93c6dd","type":"User","tenantId":"97d90754-1a61-4963-b4ab-f5ce2eeced4a"},"provisioningMethod":"FromDefinition","failureAlertSubscription":true,"clientLastModifiedTime":"2022-09-04T12:46:01.4880395Z"},"$schema":"https://schema.management.azure.com/providers/Microsoft.Logic/schemas/2016-06-01/workflowdefinition.json#","contentVersion":"1.0.0.0","parameters":{"$connections":{"defaultValue":{},"type":"Object"},"$authentication":{"defaultValue":{},"type":"SecureObject"}},"triggers":{"Recurrence":{"recurrence":{"frequency":"Day","interval":1,"startTime":"2022-08-11T04:30:00.000Z"},"metadata":{"operationMetadataId":"07ae7e24-355b-459e-8e5b-07284a445b3a"},"type":"Recurrence"}},"actions":{"API_request_to_Initiate_enhanced_refresh":{"runAfter":{"❗_Insert_all_parameters_required__in_this_scope_to_run_this_flow":["Succeeded"]},"metadata":{"operationMetadataId":"cdbd928c-007f-4f32-ba3d-3722ce59263f"},"type":"Http","inputs":{"method":"POST","uri":"https://api.powerbi.com/v1.0/myorg/groups/@{variables('workspace_id')}/datasets/@{variables('dataset_id')}/refreshes","headers":{"Content-Type":"application/json"},"body":{"type":"Full","commitMode":"transactional","applyRefreshPolicy":"false","maxParallelism":6,"retryCount":2,"objects":[]},"authentication":{"type":"ActiveDirectoryOAuth","tenant":"@variables('tenant_id')","audience":"https://analysis.windows.net/powerbi/api","clientId":"@variables('client_id')","secret":"@variables('secret')"}}},"Initialize_variable_workspace_id":{"runAfter":{},"metadata":{"operationMetadataId":"08535926-3984-48b9-9b4a-c6443d8b1c44"},"type":"InitializeVariable","inputs":{"variables":[{"name":"workspace_id","type":"string"}]}},"Initialize_dataset_id":{"runAfter":{"Initialize_variable_workspace_id":["Succeeded"]},"metadata":{"operationMetadataId":"5c0f5c41-d1b1-4129-8b8c-04263670262e"},"type":"InitializeVariable","inputs":{"variables":[{"name":"dataset_id","type":"string"}]}},"Delay_of_5_Seconds":{"runAfter":{"API_request_to_Initiate_enhanced_refresh":["Succeeded"]},"metadata":{"operationMetadataId":"16fd8592-24d0-4076-b851-7728dad41a66"},"type":"Wait","inputs":{"interval":{"count":5,"unit":"Second"}}},"Initialize_Status":{"runAfter":{"Initialize_Secret":["Succeeded"]},"metadata":{"operationMetadataId":"2dbf3c54-3f9e-4a19-ae48-84b68bd10a3c"},"type":"InitializeVariable","inputs":{"variables":[{"name":"Status","type":"string"}]}},"Initialize_tenant_id":{"runAfter":{"Initialize_Dataset_Name":["Succeeded"]},"metadata":{"operationMetadataId":"57c86d0b-e373-44a6-ba79-ad5f5d5aed75"},"type":"InitializeVariable","inputs":{"variables":[{"name":"tenant_id","type":"string"}]}},"Initialize_client_id":{"runAfter":{"Initialize_tenant_id":["Succeeded"]},"metadata":{"operationMetadataId":"e2a3bd31-98a8-4929-8cb6-4542a1abd2d1"},"type":"InitializeVariable","inputs":{"variables":[{"name":"client_id","type":"string"}]}},"Initialize_Secret":{"runAfter":{"Initialize_client_id":["Succeeded"]},"metadata":{"operationMetadataId":"cfd53aea-4e10-4d90-a163-d5831aa63010"},"type":"InitializeVariable","inputs":{"variables":[{"name":"secret","type":"string"}]}},"❗_Insert_all_parameters_required__in_this_scope_to_run_this_flow":{"actions":{"💡_Insert_Here-_workspace_id":{"runAfter":{},"metadata":{"operationMetadataId":"bb3ae305-75e9-480b-81d9-55b3c1a733cf"},"type":"SetVariable","inputs":{"name":"workspace_id","value":"enter here"}},"💡_Insert_Here_-_dataset_id":{"runAfter":{"💡_Insert_Here-_workspace_id":["Succeeded"]},"metadata":{"operationMetadataId":"5de74f32-0e9e-4d56-b624-e6e84e0d5a9b"},"type":"SetVariable","inputs":{"name":"dataset_id","value":"enter here"}},"💡_Insert_Here_-_Tenant_ID":{"runAfter":{"💡_Insert_Here_-_Dataset_Name":["Succeeded"]},"metadata":{"operationMetadataId":"0f5bcf14-9b11-4162-8972-d11d49f8c836"},"type":"SetVariable","inputs":{"name":"tenant_id","value":"enter here"}},"💡_Insert_Here-_Client_ID":{"runAfter":{"💡_Insert_Here_-_Tenant_ID":["Succeeded"]},"metadata":{"operationMetadataId":"7e7502f2-7939-4384-8ad8-0f9d7cc482db"},"type":"SetVariable","inputs":{"name":"client_id","value":"enter here"}},"💡_Insert_Here-_Secret":{"runAfter":{"💡_Insert_Here-_Client_ID":["Succeeded"]},"metadata":{"operationMetadataId":"fd6d572f-1bb0-4f66-840d-c4c30618bfe6"},"type":"SetVariable","inputs":{"name":"secret","value":"enter here"}},"💡_Insert_Here_-_Dataset_Name":{"runAfter":{"💡_Insert_Here_-_dataset_id":["Succeeded"]},"metadata":{"operationMetadataId":"ea13e0e2-0549-481e-a79c-be5bdb34cf2b"},"type":"SetVariable","inputs":{"name":"Dataset Name","value":"enter here"}}},"runAfter":{"Initialize_Status":["Succeeded"]},"metadata":{"operationMetadataId":"284ab66a-7667-4a4b-a5f7-cdce6c0f4394"},"type":"Scope"},"Checking_the_status_of_enhanced_refresh_action":{"actions":{"Do_until_Status_Variable_is_Completed_or_Failed":{"actions":{"calling_API_to_get_latest_Refresh_events_details_and_Status":{"runAfter":{},"metadata":{"operationMetadataId":"a8d35bcd-89f1-4e70-b16b-6f9ea60f989e"},"type":"Http","inputs":{"method":"GET","uri":"https://api.powerbi.com/v1.0/myorg/groups/@{variables('workspace_id')}/datasets/@{variables('dataset_id')}/refreshes?$top=1","headers":{"Content-Type":"application/json"},"authentication":{"type":"ActiveDirectoryOAuth","tenant":"@variables('tenant_id')","audience":"https://analysis.windows.net/powerbi/api","clientId":"@variables('client_id')","secret":"@variables('secret')"}}},"Parse_JSON_4":{"runAfter":{"calling_API_to_get_latest_Refresh_events_details_and_Status":["Succeeded"]},"metadata":{"operationMetadataId":"009d7d96-9dba-4761-818f-98aa2a644d16"},"type":"ParseJson","inputs":{"content":"@body('calling_API_to_get_latest_Refresh_events_details_and_Status')","schema":{"type":"object","properties":{"@@odata.context":{"type":"string"},"value":{"type":"array","items":{"type":"object","properties":{"requestId":{"type":"string"},"id":{"type":"integer"},"refreshType":{"type":"string"},"startTime":{"type":"string"},"status":{"type":"string"},"extendedStatus":{"type":"string"}},"required":["requestId","id","refreshType","startTime","status","extendedStatus"]}}}}}},"Apply_to_each":{"foreach":"@body('Parse_JSON_4')?['value']","actions":{"Parsing_status_from_returned_Json_results":{"runAfter":{},"metadata":{"operationMetadataId":"75410ad3-ecff-43fd-8050-75b1e9c7900b"},"type":"ParseJson","inputs":{"content":"@items('Apply_to_each')","schema":{"type":"object","properties":{"requestId":{"type":"string"},"id":{"type":"integer"},"refreshType":{"type":"string"},"startTime":{"type":"string"},"status":{"type":"string"},"extendedStatus":{"type":"string"}}}}},"Set_Status_Variable_to_recent_status_received_from_API_call":{"runAfter":{"Parsing_status_from_returned_Json_results":["Succeeded"]},"metadata":{"operationMetadataId":"21fce5ba-704b-48bc-9acd-a570711d32a0"},"type":"SetVariable","inputs":{"name":"Status","value":"@body('Parsing_status_from_returned_Json_results')?['status']"}},"Delay":{"runAfter":{"Set_Status_Variable_to_recent_status_received_from_API_call":["Succeeded"]},"metadata":{"operationMetadataId":"ce9946c9-e94a-440b-9a07-6f947daf224b"},"type":"Wait","inputs":{"interval":{"count":5,"unit":"Minute"}}}},"runAfter":{"Parse_JSON_4":["Succeeded"]},"metadata":{"operationMetadataId":"d095ec32-4019-4563-a532-2ef274e2aff5"},"type":"Foreach"}},"runAfter":{},"expression":"@or(equals(variables('Status'), 'Completed'),equals(variables('Status'), 'Failed'))","limit":{"count":60,"timeout":"PT1H"},"metadata":{"operationMetadataId":"bda176c9-415f-4753-811c-9e29f7aaa9df"},"type":"Until"}},"runAfter":{"Delay_of_5_Seconds":["Succeeded"]},"metadata":{"operationMetadataId":"9378111b-fe73-43b5-9ddf-791d8b3245c3"},"type":"Scope"},"Send_an_email_to_users_with_Status_of_your_Dataset":{"runAfter":{"Checking_the_status_of_enhanced_refresh_action":["Succeeded"]},"metadata":{"operationMetadataId":"771c7d31-1f2b-4b29-9575-bce9026b8b74"},"type":"OpenApiConnection","inputs":{"host":{"apiId":"/providers/Microsoft.PowerApps/apis/shared_office365","connectionName":"shared_office365","operationId":"SendEmailV2"},"parameters":{"emailMessage/To":"anshu@parashar1.onmicrosoft.com","emailMessage/Subject":"Refresh for Dataset \"@{variables('Dataset Name')}\" has @{variables('Status')}","emailMessage/Body":"<p>Hello ,<br>\n<br>\nEnhanced Refresh for your dataset \"@{variables('Dataset Name')}\" has @{variables('Status')}.<br>\n<br>\n<br>\n<a href=\"https://app.powerbi.com/groups/@{variables('workspace_id')}/settings/datasets/@{variables('dataset_id')}\">Link to dataset</a> <br>\n<br>\n<br>\n<br>\n<br>\n</p>","emailMessage/Importance":"Normal"},"authentication":"@parameters('$authentication')"}},"Initialize_Dataset_Name":{"runAfter":{"Initialize_dataset_id":["Succeeded"]},"metadata":{"operationMetadataId":"5bed0001-152a-4e34-a594-78d363df4f56"},"type":"InitializeVariable","inputs":{"variables":[{"name":"Dataset Name","type":"string"}]}}}},"connectionReferences":{"shared_office365":{"connectionName":"904055a65a744ab99917f6b27366ba32","source":"Embedded","id":"/providers/Microsoft.PowerApps/apis/shared_office365","tier":"NotSpecified"}},"flowFailureAlertSubscribed":false,"isManaged":false}}